{"cameraMode":{"drawMode":0,"name":"Shaded","section":"Shading Mode"},"sceneLighting":false,"audioPlay":false,"sceneViewState":{"m_AlwaysRefresh":false,"showFog":true,"showSkybox":false,"showFlares":true,"showImageEffects":true,"showParticleSystems":true,"showVisualEffectGraphs":true,"m_FxEnabled":true},"in2DMode":false,"pivot":{"x":0.05167621374130249,"y":0.3466885983943939,"z":0.0000018775463104248047},"rotation":{"x":0.3210914433002472,"y":-0.11468589305877686,"z":0.039205070585012439,"w":0.9392685294151306},"size":0.5536901354789734,"orthographic":false}